{"cameraMode":{"drawMode":0,"name":"Shaded","section":"Shading Mode"},"sceneLighting":false,"audioPlay":false,"sceneViewState":{"showFog":true,"showMaterialUpdate":false,"showSkybox":false,"showFlares":true,"showImageEffects":true,"showParticleSystems":true},"in2DMode":false,"pivot":{"x":25.0,"y":0.9549503326416016,"z":1.1920928955078126e-7},"rotation":{"x":-0.14712488651275636,"y":0.12222988158464432,"z":-0.01832413487136364,"w":-0.9813678860664368},"size":1.8537828922271729,"orthographic":false}